mse,mae
0.905403,0.652595
